<?xml version="1.0" encoding="UTF-8"?>
<!DOCTYPE suite SYSTEM "http://testng.org/testng-1.0.dtd">
<suite name="Suite" parallel="tests">
<listeners>
<listener class-name="HubSpotAssignment1.Listeners"/>
</listeners>

  <test name="HubSpot Landing page">
    <classes>
      <class name="HubSpotAssignment1.hubSpot"/>
          </classes>
      </test>
      
    <test name="Hubspot regerstion and deal creation page">
         <classes>
      <class name="HubSpotAssignment2.hubSpotLogin"/>
       </classes>
      </test>
    
   
</suite> <!-- Suite -->
